GeoUID,Type,Region Name,Area (sq km),Population ,Dwellings ,Households ,v_CA21_6: Population density per square kilometre
9330001.01,CT,0001.01,1.0195,6154,2336,2290,6036.3
9330001.02,CT,0001.02,1.8621,8245,3799,3587,4427.8
9330002.01,CT,0002.01,1.9403,6949,3024,2890,3581.4
9330002.03,CT,0002.03,0.7852,3908,1465,1357,4977.1
9330002.04,CT,0002.04,0.777,4527,1703,1587,5826.3
9330003.01,CT,0003.01,0.5432,3703,1370,1218,6817
9330003.02,CT,0003.02,1.1175,4519,1474,1368,4043.8
9330004.01,CT,0004.01,1.5554,7090,3492,3155,4558.3
9330004.02,CT,0004.02,1.1824,5548,1922,1792,4692.2
9330005.00,CT,0005.00,1.3791,7151,4405,4204,5185.3
9330006.01,CT,0006.01,0.9175,4998,1946,1844,5447.4
9330006.02,CT,0006.02,1.0936,6096,2398,2257,5574.3
9330007.01,CT,0007.01,2.6684,5724,2490,2350,2145.1
9330007.02,CT,0007.02,1.4185,4256,1774,1660,3000.4
9330008.01,CT,0008.01,1.8398,1646,584,562,894.7
9330008.02,CT,0008.02,3.5378,4209,1621,1523,1189.7
9330009.00,CT,0009.00,1.6647,7168,3521,3304,4305.9
9330010.01,CT,0010.01,1.4154,5447,2439,2283,3848.4
9330010.02,CT,0010.02,1.393,5197,1975,1889,3730.8
9330011.00,CT,0011.00,1.5728,6910,2727,2501,4393.4
9330012.01,CT,0012.01,0.8885,4455,1747,1588,5014.1
9330012.02,CT,0012.02,0.6543,4047,1653,1549,6185.2
9330013.01,CT,0013.01,1.1375,6634,2537,2357,5832.1
9330013.03,CT,0013.03,0.6239,5213,1812,1693,8355.5
9330013.04,CT,0013.04,0.4773,3580,1284,1175,7500.5
9330014.01,CT,0014.01,0.5041,2936,1122,1040,5824.2
9330014.02,CT,0014.02,0.807,5651,2236,2076,7002.5
9330015.01,CT,0015.01,0.9314,5688,2058,1883,6106.9
9330015.02,CT,0015.02,1.3426,6770,2544,2378,5042.5
9330016.01,CT,0016.01,0.6765,4966,1904,1805,7340.7
9330016.04,CT,0016.04,0.9363,7340,2816,2666,7839.4
9330016.05,CT,0016.05,0.5427,4861,2075,1917,8957.1
9330016.06,CT,0016.06,0.1238,6489,3577,3437,52415.2
9330017.02,CT,0017.02,0.8547,6673,2528,2392,7807.4
9330017.03,CT,0017.03,0.7405,4948,1999,1862,6682
9330017.04,CT,0017.04,0.4194,2695,1035,958,6425.8
9330018.01,CT,0018.01,0.9026,7070,2669,2497,7832.9
9330018.02,CT,0018.02,0.988,7167,2708,2531,7254
9330019.00,CT,0019.00,1.8392,5611,2532,2352,3050.8
9330020.00,CT,0020.00,1.3912,3745,1614,1497,2691.9
9330021.00,CT,0021.00,2.2093,3624,1375,1278,1640.3
9330022.00,CT,0022.00,0.3178,3098,1847,1709,9748.3
9330023.00,CT,0023.00,1.2002,4387,1610,1497,3655.2
9330024.00,CT,0024.00,1.7023,6007,2314,2161,3528.8
9330025.00,CT,0025.00,1.9891,7567,3076,2828,3804.2
9330026.00,CT,0026.00,1.2593,4793,1976,1853,3806.1
9330027.01,CT,0027.01,1.2742,4138,1591,1502,3247.5
9330027.02,CT,0027.02,1.0312,3589,1513,1395,3480.4
9330028.00,CT,0028.00,1.4746,3121,1331,1232,2116.5
9330029.00,CT,0029.00,1.5016,7390,3365,3179,4921.4
9330030.00,CT,0030.00,1.4562,7346,3126,2910,5044.6
9330031.01,CT,0031.01,0.8985,6159,2773,2598,6854.8
9330031.02,CT,0031.02,0.6934,4566,1969,1842,6584.9
9330032.01,CT,0032.01,0.5797,4639,2064,1897,8002.4
9330032.02,CT,0032.02,0.6622,5058,2297,2141,7638.2
9330033.01,CT,0033.01,0.6823,5007,2094,1930,7338.4
9330033.02,CT,0033.02,0.4472,2977,1137,1043,6657
9330034.01,CT,0034.01,0.6734,6112,2488,2336,9076.3
9330034.02,CT,0034.02,1.3371,7476,2834,2638,5591.2
9330035.01,CT,0035.01,0.7209,4369,1754,1647,6060.5
9330035.02,CT,0035.02,1.534,6793,2845,2676,4428.3
9330036.01,CT,0036.01,1.3696,6218,2312,2167,4540
9330036.02,CT,0036.02,1.4685,6125,2232,2128,4170.9
9330037.01,CT,0037.01,0.6017,5032,2200,2068,8363
9330037.02,CT,0037.02,0.519,3503,1655,1554,6749.5
9330038.00,CT,0038.00,0.589,6742,3660,3503,11446.5
9330039.01,CT,0039.01,0.7142,6284,3721,3523,8798.7
9330039.02,CT,0039.02,0.6033,5874,3235,3050,9736.4
9330040.01,CT,0040.01,0.2705,4131,2972,2816,15271.7
9330040.02,CT,0040.02,0.3166,4501,3055,2889,14216.7
9330041.01,CT,0041.01,0.381,4511,2981,2778,11839.9
9330041.02,CT,0041.02,1.0012,7993,4180,3954,7983.4
9330042.00,CT,0042.00,1.0874,6591,3001,2744,6061.2
9330043.01,CT,0043.01,0.7113,3953,1935,1732,5557.4
9330043.02,CT,0043.02,0.9967,4311,1776,1630,4325.3
9330044.00,CT,0044.00,2.8772,4622,2268,2095,1606.4
9330045.01,CT,0045.01,0.673,4821,2567,2381,7163.4
9330045.02,CT,0045.02,0.7334,5915,3012,2822,8065.2
9330046.00,CT,0046.00,0.4919,5349,3152,3023,10874.2
9330047.01,CT,0047.01,0.333,3784,2417,2261,11363.4
9330047.02,CT,0047.02,0.3916,4200,2827,2678,10725.2
9330048.01,CT,0048.01,0.8336,5828,3649,3481,6991.4
9330048.02,CT,0048.02,0.3864,2590,1593,1518,6702.9
9330049.02,CT,0049.02,0.8513,5996,3294,3167,7043.3
9330049.03,CT,0049.03,0.2532,2991,1699,1623,11812.8
9330049.04,CT,0049.04,0.2506,3375,1882,1816,13467.7
9330049.05,CT,0049.05,0.6446,1291,1012,739,2002.8
9330049.06,CT,0049.06,0.4025,8739,5490,5060,21711.8
9330050.02,CT,0050.02,0.6813,6240,3631,3462,9159
9330050.03,CT,0050.03,1.293,6935,4441,4256,5363.5
9330050.04,CT,0050.04,0.3066,3196,2009,1865,10424
9330051.01,CT,0051.01,0.5443,3252,1418,1309,5974.6
9330051.02,CT,0051.02,0.755,4608,1942,1825,6103.3
9330052.01,CT,0052.01,1.2612,6461,2659,2466,5122.9
9330052.02,CT,0052.02,1.3256,6242,2481,2291,4708.8
9330053.01,CT,0053.01,2.6249,6701,2889,2690,2552.9
9330053.02,CT,0053.02,0.798,3819,1656,1543,4785.7
9330054.01,CT,0054.01,0.586,3855,1693,1584,6578.5
9330054.02,CT,0054.02,0.7927,4638,1815,1727,5850.9
9330055.01,CT,0055.01,0.8045,5425,2842,2673,6743.3
9330055.02,CT,0055.02,0.6522,4406,2574,2463,6755.6
9330056.01,CT,0056.01,1.1288,4077,2506,2353,3611.8
9330056.02,CT,0056.02,0.6673,4467,2457,2320,6694.1
9330057.01,CT,0057.01,0.2311,3492,1841,1708,15110.3
9330057.02,CT,0057.02,1.6262,5012,2568,2373,3082
9330058.00,CT,0058.00,1.0881,4151,2231,2031,3814.9
9330059.07,CT,0059.07,0.2539,5646,3504,3153,22237.1
9330059.08,CT,0059.08,0.3375,7131,3842,3579,21128.9
9330059.09,CT,0059.09,0.1998,7976,5538,5172,39919.9
9330059.10,CT,0059.10,0.1992,7089,4661,4299,35587.3
9330059.11,CT,0059.11,0.8597,8566,5500,4956,9963.9
9330059.13,CT,0059.13,0.319,5079,3136,2789,15921.6
9330059.15,CT,0059.15,0.1499,4958,3071,2795,33075.4
9330059.16,CT,0059.16,0.4407,5527,3260,2976,12541.4
9330059.17,CT,0059.17,0.5663,5200,3556,3086,9182.4
9330059.18,CT,0059.18,0.2148,2943,1792,1634,13701.1
9330060.01,CT,0060.01,0.1486,3184,2212,2080,21426.6
9330060.02,CT,0060.02,0.2319,5799,4125,3791,25006.5
9330061.00,CT,0061.00,0.2121,5275,3825,3527,24870.3
9330062.00,CT,0062.00,0.168,3390,2487,2273,20178.6
9330063.00,CT,0063.00,0.1851,4492,3145,2763,24268
9330064.00,CT,0064.00,0.2389,4870,3365,3188,20385.1
9330065.00,CT,0065.00,0.241,6799,4693,4257,28211.6
9330066.01,CT,0066.01,0.1283,3370,2108,1803,26266.6
9330066.02,CT,0066.02,0.4281,6363,3871,3399,14863.3
9330067.01,CT,0067.01,0.1863,3724,2714,2514,19989.3
9330067.02,CT,0067.02,0.2208,5126,3177,2799,23215.6
9330068.00,CT,0068.00,4.0575,4940,3625,3360,1217.5
9330069.02,CT,0069.02,9.0083,7309,3932,3226,811.4
9330069.03,CT,0069.03,2.3592,8177,3450,3048,3466
9330069.04,CT,0069.04,3.1091,2810,1537,1272,903.8
9330100.01,CT,0100.01,0.9705,4231,1751,1657,4359.6
9330100.02,CT,0100.02,2.8838,8093,3813,3592,2806.4
9330101.03,CT,0101.03,0.3386,5683,3511,3370,16783.8
9330101.04,CT,0101.04,0.3021,5664,3436,3184,18748.8
9330101.05,CT,0101.05,0.5881,4992,2473,2357,8488.4
9330101.06,CT,0101.06,0.4221,6375,4070,3758,15103.1
9330102.01,CT,0102.01,0.2767,570,199,172,2060
9330102.02,CT,0102.02,2.572,7360,2925,2788,2861.6
9330103.01,CT,0103.01,0.7027,3454,1639,1553,4915.3
9330103.02,CT,0103.02,0.638,4486,2405,2194,7031.3
9330104.01,CT,0104.01,0.5189,2568,1141,1055,4948.9
9330104.02,CT,0104.02,1.893,5214,1857,1785,2754.4
9330110.02,CT,0110.02,2.191,3099,1203,1156,1414.4
9330110.03,CT,0110.03,38.7666,3104,1333,1260,80.1
9330110.04,CT,0110.04,1.5078,4043,1472,1439,2681.4
9330111.02,CT,0111.02,32.0499,7392,2784,2716,230.6
9330111.04,CT,0111.04,1.1176,2373,1168,1136,2123.3
9330111.05,CT,0111.05,3.3093,4264,1602,1549,1288.5
9330111.06,CT,0111.06,0.4861,105,37,30,216
9330111.07,CT,0111.07,23.834,5190,2227,2109,217.8
9330112.00,CT,0112.00,1.0574,2825,1160,1093,2671.6
9330113.00,CT,0113.00,2.9346,8422,3537,3330,2869.9
9330114.01,CT,0114.01,1.6624,2870,967,938,1726.4
9330114.02,CT,0114.02,2.0103,5301,1896,1833,2636.9
9330115.00,CT,0115.00,4.6825,6017,2133,2068,1285
9330116.00,CT,0116.00,16.1051,5213,1924,1850,323.7
9330117.00,CT,0117.00,2.3834,6264,2339,2242,2628.2
9330118.00,CT,0118.00,3.5202,8572,3993,3738,2435.1
9330119.00,CT,0119.00,1.3119,2713,1100,1049,2068
9330120.00,CT,0120.00,2.2807,4005,1445,1391,1756
9330121.00,CT,0121.00,1.8524,4708,1621,1546,2541.6
9330122.00,CT,0122.00,19.2053,4166,1443,1393,216.9
9330130.01,CT,0130.01,0.8792,4639,2898,2673,5276.4
9330130.03,CT,0130.03,1.4738,5174,2895,2679,3510.7
9330130.04,CT,0130.04,1.7163,2899,1464,1334,1689.1
9330131.00,CT,0131.00,3.3609,7420,2743,2614,2207.7
9330132.00,CT,0132.00,3.3004,3731,1358,1300,1130.5
9330133.01,CT,0133.01,3.9299,3729,1522,1446,948.9
9330133.02,CT,0133.02,36.7417,6250,2435,2318,170.1
9330134.00,CT,0134.00,15.1739,7973,3061,2901,525.4
9330135.00,CT,0135.00,22.3201,5206,1883,1759,233.2
9330140.02,CT,0140.02,15.6758,7464,3153,3057,476.1
9330140.03,CT,0140.03,42.1844,4467,1641,1571,105.9
9330140.04,CT,0140.04,2.5086,5256,1816,1678,2095.2
9330141.02,CT,0141.02,0.0826,811,419,402,9818.4
9330141.03,CT,0141.03,1.4115,4956,2130,2052,3511.2
9330141.04,CT,0141.04,0.7851,3516,1289,1260,4478.4
9330142.01,CT,0142.01,1.4698,6098,2117,2064,4148.9
9330142.02,CT,0142.02,1.4645,4853,1764,1709,3313.8
9330142.03,CT,0142.03,1.5305,6618,2564,2473,4324.1
9330143.01,CT,0143.01,1.331,5489,1850,1778,4124
9330143.02,CT,0143.02,1.3032,4650,1706,1639,3568.1
9330143.03,CT,0143.03,1.34,4828,1767,1700,3603
9330143.04,CT,0143.04,1.3211,5590,1861,1815,4231.3
9330144.03,CT,0144.03,0.6772,2553,836,800,3769.9
9330144.04,CT,0144.04,1.3364,5574,2116,2032,4170.9
9330144.05,CT,0144.05,0.6899,2697,967,927,3909.3
9330144.06,CT,0144.06,1.3276,5255,1815,1744,3958.3
9330145.01,CT,0145.01,1.336,4268,1500,1448,3194.6
9330145.02,CT,0145.02,1.3767,3171,1083,1050,2303.3
9330146.00,CT,0146.00,4.7848,8114,3017,2905,1695.8
9330147.04,CT,0147.04,0.3308,5249,2477,2406,15867.6
9330147.05,CT,0147.05,0.3296,4528,1937,1871,13737.9
9330147.07,CT,0147.07,0.453,6996,3788,3549,15443.7
9330147.09,CT,0147.09,0.2401,3809,1641,1589,15864.2
9330147.10,CT,0147.10,0.4137,4315,1999,1918,10430.3
9330147.11,CT,0147.11,0.2066,3724,1745,1695,18025.2
9330147.12,CT,0147.12,0.3991,3901,1819,1727,9774.5
9330147.13,CT,0147.13,0.3805,5726,2560,2456,15048.6
9330147.14,CT,0147.14,2.3036,5947,2085,2003,2581.6
9330148.01,CT,0148.01,1.2267,6033,3115,2733,4918.1
9330148.02,CT,0148.02,0.9005,5414,3021,2776,6012.2
9330148.03,CT,0148.03,0.6631,3604,2023,1871,5435.1
9330149.02,CT,0149.02,1.5319,4600,1591,1533,3002.8
9330149.05,CT,0149.05,0.6478,2221,747,718,3428.5
9330149.06,CT,0149.06,1.6689,4788,1799,1734,2869
9330149.07,CT,0149.07,1.0388,2710,905,858,2608.8
9330149.08,CT,0149.08,1.0331,4469,1839,1788,4325.8
9330149.09,CT,0149.09,0.6636,2951,1144,1076,4447
9330150.00,CT,0150.00,17.9453,819,315,304,45.6
9330151.03,CT,0151.03,3.0815,3586,1320,1224,1163.7
9330151.05,CT,0151.05,1.2982,3739,1213,1173,2880.1
9330151.06,CT,0151.06,1.91,5273,1663,1605,2760.7
9330151.07,CT,0151.07,2.968,7045,3931,3613,2373.7
9330151.09,CT,0151.09,0.5913,2568,838,819,4343
9330151.10,CT,0151.10,0.6965,6630,3135,2981,9519
9330151.11,CT,0151.11,2.013,3064,974,956,1522.1
9330160.01,CT,0160.01,2.1615,4574,1708,1658,2116.1
9330160.02,CT,0160.02,6.5824,6707,3107,2988,1018.9
9330160.03,CT,0160.03,2.654,5855,2314,2218,2206.1
9330160.04,CT,0160.04,2.3121,5024,2462,2364,2172.9
9330161.02,CT,0161.02,1.728,5687,2447,2368,3291.1
9330161.03,CT,0161.03,2.3324,6425,2520,2461,2754.7
9330161.05,CT,0161.05,1.6113,5540,2088,2045,3438.2
9330161.06,CT,0161.06,3.7036,5395,2242,2164,1456.7
9330161.07,CT,0161.07,0.5331,10,4,4,18.8
9330161.08,CT,0161.08,6.5719,2256,1081,930,343.3
9330161.09,CT,0161.09,136.2185,2479,828,772,18.2
9330162.01,CT,0162.01,2.1433,6095,2011,1945,2843.7
9330162.02,CT,0162.02,2.0774,6877,2166,2082,3310.4
9330162.04,CT,0162.04,4.9189,5857,1953,1897,1190.7
9330162.05,CT,0162.05,0.9558,4917,1603,1478,5144.4
9330162.06,CT,0162.06,0.7018,3196,1013,935,4554
9330163.01,CT,0163.01,1.7325,6497,2135,2034,3750.1
9330163.04,CT,0163.04,2.6233,6009,2042,1933,2290.6
9330163.05,CT,0163.05,1.6434,6176,2115,1997,3758.1
9330163.06,CT,0163.06,0.9853,5346,1821,1732,5425.8
9330163.07,CT,0163.07,1.3187,5473,1758,1667,4150.3
9330163.08,CT,0163.08,1.2586,4326,1403,1320,3437.2
9330170.03,CT,0170.03,0.4898,4395,3098,2878,8973.1
9330170.04,CT,0170.04,2.1784,5970,2718,2484,2740.5
9330170.05,CT,0170.05,0.3206,2938,2060,1960,9164.1
9330170.07,CT,0170.07,1.2192,4663,1676,1579,3824.6
9330170.08,CT,0170.08,0.9656,3973,1989,1834,4114.5
9330180.05,CT,0180.05,1.2964,5470,2201,2111,4219.4
9330180.06,CT,0180.06,1.6316,3014,1023,997,1847.3
9330180.07,CT,0180.07,8.8354,9052,3374,3102,1024.5
9330180.08,CT,0180.08,35.8065,5874,2233,2089,164
9330180.09,CT,0180.09,1.7286,7996,3246,3135,4625.7
9330180.10,CT,0180.10,1.3137,4564,1616,1562,3474.2
9330181.03,CT,0181.03,6.2587,5335,2196,2062,852.4
9330181.07,CT,0181.07,1.8656,3471,1339,1297,1860.5
9330181.08,CT,0181.08,1.2226,2834,1057,1007,2318
9330181.09,CT,0181.09,3.9034,6234,2328,2258,1597.1
9330181.10,CT,0181.10,3.2695,5243,2242,2171,1603.6
9330181.11,CT,0181.11,0.6375,2693,1462,1417,4224.3
9330181.12,CT,0181.12,3.4354,3000,1055,1009,873.3
9330181.13,CT,0181.13,1.8705,4225,1912,1816,2258.8
9330181.14,CT,0181.14,1.4486,4591,1928,1873,3169.3
9330181.15,CT,0181.15,1.3222,71,33,31,53.7
9330181.16,CT,0181.16,2.2791,5839,2336,2229,2562
9330181.17,CT,0181.17,1.8153,4794,2001,1917,2640.9
9330181.18,CT,0181.18,0.6459,3641,1881,1830,5637.1
9330182.02,CT,0182.02,2.6124,7845,2431,2375,3003
9330182.03,CT,0182.03,8.0915,5401,1680,1550,667.5
9330182.04,CT,0182.04,2.2554,1789,558,542,793.2
9330182.05,CT,0182.05,18.9505,7665,2566,2428,404.5
9330182.06,CT,0182.06,9.6974,1265,434,411,130.4
9330182.07,CT,0182.07,39.7595,2400,671,631,60.4
9330182.08,CT,0182.08,10.3844,2946,888,841,283.7
9330183.01,CT,0183.01,2.6634,7315,2356,2281,2746.5
9330183.03,CT,0183.03,2.8692,6908,2765,2636,2407.6
9330183.06,CT,0183.06,1.3401,2616,1037,1021,1952.1
9330183.07,CT,0183.07,2.5466,7266,2443,2369,2853.2
9330183.10,CT,0183.10,0.6634,4466,1701,1567,6732
9330183.11,CT,0183.11,0.6429,5669,2403,2324,8817.9
9330183.12,CT,0183.12,3.4276,3431,1264,1219,1001
9330183.13,CT,0183.13,1.08,6992,2566,2437,6474.1
9330183.14,CT,0183.14,1.3827,3363,1217,1127,2432.2
9330183.15,CT,0183.15,1.2582,3944,1274,1246,3134.6
9330183.16,CT,0183.16,1.339,3141,975,937,2345.8
9330183.17,CT,0183.17,0.8613,4951,1611,1583,5748.3
9330184.07,CT,0184.07,1.3349,5616,1947,1874,4207.1
9330184.08,CT,0184.08,1.2755,5956,1763,1661,4669.5
9330184.09,CT,0184.09,1.3166,4903,1392,1320,3724
9330184.10,CT,0184.10,1.3295,5146,1556,1445,3870.6
9330184.13,CT,0184.13,4.5181,6811,2056,1940,1507.5
9330184.15,CT,0184.15,0.9848,3215,889,849,3264.6
9330184.16,CT,0184.16,1.6529,6200,1778,1652,3751
9330184.17,CT,0184.17,1.3058,8217,2423,2299,6292.7
9330184.18,CT,0184.18,0.6622,3125,933,873,4719.1
9330184.19,CT,0184.19,0.6771,4420,1490,1456,6527.8
9330184.20,CT,0184.20,0.8741,5619,1914,1852,6428.3
9330184.21,CT,0184.21,1.9696,5157,1712,1636,2618.3
9330184.22,CT,0184.22,0.6542,4363,1734,1703,6669.2
9330184.23,CT,0184.23,1.3384,7814,2205,2067,5838.3
9330184.24,CT,0184.24,1.3023,4035,1261,1200,3098.4
9330184.25,CT,0184.25,0.6502,3267,981,899,5024.6
9330184.26,CT,0184.26,0.6615,4069,1102,1061,6151.2
9330184.27,CT,0184.27,1.2968,3013,879,833,2323.4
9330185.05,CT,0185.05,1.3335,6246,1912,1824,4683.9
9330185.08,CT,0185.08,3.6568,1546,471,439,422.8
9330185.09,CT,0185.09,2.6571,5202,1827,1780,1957.8
9330185.10,CT,0185.10,1.2948,5940,1661,1538,4587.6
9330185.12,CT,0185.12,1.3233,7002,1864,1780,5291.3
9330185.15,CT,0185.15,2.6237,5838,1738,1637,2225.1
9330185.16,CT,0185.16,2.6093,4972,1373,1291,1905.5
9330185.17,CT,0185.17,1.0377,3674,1404,1363,3540.5
9330185.18,CT,0185.18,1.6842,5410,1580,1494,3212.2
9330185.19,CT,0185.19,0.674,5882,1974,1884,8727
9330185.20,CT,0185.20,0.6736,5215,1404,1343,7742
9330185.21,CT,0185.21,0.6684,3853,1333,1267,5764.5
9330185.22,CT,0185.22,0.6722,3686,1053,968,5483.5
9330185.23,CT,0185.23,0.6627,3266,923,869,4928.3
9330185.24,CT,0185.24,0.651,2610,740,706,4009.2
9330185.25,CT,0185.25,1.3116,4690,1426,1310,3575.8
9330185.26,CT,0185.26,0.8142,5899,1840,1778,7245.1
9330185.27,CT,0185.27,0.5062,2081,595,580,4111
9330186.01,CT,0186.01,1.9864,7954,2526,2371,4004.2
9330186.02,CT,0186.02,1.9051,6847,2170,2065,3594
9330186.06,CT,0186.06,1.2822,4204,1178,1099,3278.7
9330186.07,CT,0186.07,1.3107,5805,1608,1476,4428.9
9330186.08,CT,0186.08,1.3032,6604,1957,1832,5067.5
9330186.09,CT,0186.09,0.5998,3883,1272,1208,6473.8
9330186.10,CT,0186.10,0.6516,3713,1103,1037,5698.3
9330187.04,CT,0187.04,1.2285,1876,475,444,1527.1
9330187.05,CT,0187.05,1.3086,7473,2154,2026,5710.7
9330187.06,CT,0187.06,2.5946,6991,2174,2088,2694.4
9330187.07,CT,0187.07,0.6642,2110,629,616,3176.8
9330187.11,CT,0187.11,1.3857,6975,2361,2304,5033.6
9330187.12,CT,0187.12,1.1483,4239,1379,1336,3691.5
9330187.13,CT,0187.13,1.1075,4148,1319,1233,3745.4
9330187.14,CT,0187.14,0.6458,3810,1425,1325,5899.7
9330187.15,CT,0187.15,0.6979,4004,1233,1180,5737.2
9330187.16,CT,0187.16,0.9031,3808,1195,1142,4216.6
9330187.17,CT,0187.17,1.2423,2900,955,902,2334.4
9330187.18,CT,0187.18,1.3388,5260,1524,1428,3928.9
9330188.01,CT,0188.01,2.5149,3183,946,899,1265.7
9330188.02,CT,0188.02,1.0686,3320,1011,947,3106.9
9330188.04,CT,0188.04,3.8689,5443,1786,1656,1406.9
9330188.05,CT,0188.05,6.7039,3032,921,890,452.3
9330188.06,CT,0188.06,3.6619,2103,732,663,574.3
9330188.07,CT,0188.07,2.383,4282,1300,1247,1796.9
9330188.08,CT,0188.08,1.2754,3810,1202,1169,2987.3
9330189.03,CT,0189.03,1.465,3447,1118,1048,2352.9
9330189.06,CT,0189.06,2.4145,3307,1082,1018,1369.6
9330189.07,CT,0189.07,0.8238,3881,1426,1397,4711.1
9330189.08,CT,0189.08,0.6793,7346,2869,2812,10814.1
9330189.09,CT,0189.09,1.3294,4616,1528,1457,3472.2
9330189.10,CT,0189.10,1.3082,6701,2386,2318,5122.3
9330189.11,CT,0189.11,0.6696,5146,2359,2300,7685.2
9330189.12,CT,0189.12,0.6718,3836,1492,1459,5710
9330190.03,CT,0190.03,1.9322,8068,3181,2987,4175.6
9330190.04,CT,0190.04,3.0531,7590,2492,2324,2486
9330190.05,CT,0190.05,0.6074,1987,715,679,3271.3
9330190.06,CT,0190.06,0.821,4184,1636,1574,5096.2
9330190.07,CT,0190.07,0.6497,7336,3533,3370,11291.4
9330191.03,CT,0191.03,1.3193,5569,1695,1572,4221.2
9330191.04,CT,0191.04,1.3287,9821,5079,4761,7391.4
9330191.05,CT,0191.05,1.4081,4373,1403,1289,3105.6
9330191.06,CT,0191.06,0.5009,2917,1287,1206,5823.5
9330191.07,CT,0191.07,0.7254,4363,2232,2115,6014.6
9330192.00,CT,0192.00,9.87,4856,1647,1524,492
9330200.01,CT,0200.01,0.9421,2839,1354,1253,3013.5
9330200.02,CT,0200.02,2.4034,8144,2524,2432,3388.5
9330201.00,CT,0201.00,0.7249,1761,644,614,2429.3
9330202.01,CT,0202.01,0.7875,4838,2770,2674,6143.5
9330202.02,CT,0202.02,0.5062,5984,3152,2872,11821.4
9330203.00,CT,0203.00,1.1241,4744,1757,1687,4220.3
9330204.01,CT,0204.01,0.4071,4768,2599,2510,11712.1
9330204.02,CT,0204.02,0.7031,5420,2762,2612,7708.7
9330205.01,CT,0205.01,0.5061,4450,2617,2494,8792.7
9330205.02,CT,0205.02,0.6206,5830,3172,3075,9394.1
9330206.00,CT,0206.00,0.3088,3759,2211,2127,12172.9
9330207.00,CT,0207.00,0.344,3275,1855,1779,9520.3
9330208.00,CT,0208.00,1.6774,6328,2831,2735,3772.5
9330209.01,CT,0209.01,0.9019,6055,2896,2835,6713.6
9330209.02,CT,0209.02,1.1958,3891,1474,1422,3253.9
9330210.00,CT,0210.00,2.4663,6830,3119,2978,2769.3
9330220.00,CT,0220.00,9.1048,1384,507,471,152
9330221.01,CT,0221.01,1.2294,1854,661,633,1508.1
9330221.03,CT,0221.03,1.2986,3767,1373,1314,2900.8
9330221.04,CT,0221.04,1.3223,5691,1978,1891,4303.9
9330222.01,CT,0222.01,1.5517,7519,2956,2814,4845.7
9330222.02,CT,0222.02,1.3595,5796,2607,2528,4263.3
9330223.01,CT,0223.01,1.4792,8225,3222,3116,5560.4
9330223.02,CT,0223.02,0.7551,6095,2510,2401,8071.8
9330224.01,CT,0224.01,0.4657,6491,3271,3144,13938.2
9330224.02,CT,0224.02,0.6956,5051,2103,2019,7261.4
9330225.01,CT,0225.01,1.4699,5855,1993,1888,3983.3
9330225.02,CT,0225.02,1.3552,7333,3265,3147,5411
9330226.02,CT,0226.02,1.3501,3810,1489,1384,2822
9330226.03,CT,0226.03,0.7301,9709,5377,4996,13298.2
9330226.04,CT,0226.04,0.2875,3739,1915,1788,13005.2
9330227.01,CT,0227.01,0.2775,4697,2505,2311,16926.1
9330227.02,CT,0227.02,1.1189,5991,3429,3196,5354.4
9330228.02,CT,0228.02,0.9805,3768,1270,1206,3842.9
9330228.03,CT,0228.03,0.3275,4564,2527,2233,13935.9
9330228.04,CT,0228.04,0.7166,5387,2517,2388,7517.4
9330229.00,CT,0229.00,3.0473,7333,3020,2785,2406.4
9330230.01,CT,0230.01,4.2259,5334,1969,1917,1262.2
9330230.02,CT,0230.02,3.9929,5303,2061,1970,1328.1
9330231.00,CT,0231.00,2.0187,4455,1565,1494,2206.9
9330232.00,CT,0232.00,2.9013,3284,1108,1036,1131.9
9330233.00,CT,0233.00,1.5103,7998,2584,2408,5295.6
9330234.00,CT,0234.00,4.5569,7263,2473,2337,1593.8
9330235.02,CT,0235.02,1.4251,4907,1932,1872,3443.3
9330235.03,CT,0235.03,0.4296,4022,2292,2190,9362.2
9330235.04,CT,0235.04,1.0581,6513,3036,2941,6155.4
9330236.00,CT,0236.00,4.1399,3636,1241,1172,878.3
9330237.00,CT,0237.00,2.5334,7721,3057,2948,3047.7
9330238.01,CT,0238.01,1.2289,3728,1455,1405,3033.6
9330238.02,CT,0238.02,2.323,6992,2571,2435,3009.9
9330239.01,CT,0239.01,1.5637,5791,2203,2073,3703.4
9330239.02,CT,0239.02,0.7934,9034,5258,4814,11386.4
9330240.01,CT,0240.01,2.2172,12063,6181,5902,5440.6
9330240.02,CT,0240.02,0.8865,5442,2205,2132,6138.7
9330241.00,CT,0241.00,1.9084,7732,3302,3141,4051.6
9330242.00,CT,0242.00,4.608,7525,3164,2984,1633
9330243.01,CT,0243.01,1.7013,6159,2429,2251,3620.2
9330243.02,CT,0243.02,13.6224,10164,4465,4061,746.1
9330250.01,CT,0250.01,50.1235,4256,2036,1724,84.9
9330250.02,CT,0250.02,830.631,4638,1846,1601,5.6
9330251.01,CT,0251.01,0.5841,0,0,0,
9330251.02,CT,0251.02,5.6321,111,50,47,19.7
9330260.04,CT,0260.04,1.1853,3635,1369,1274,3066.7
9330260.05,CT,0260.05,3.0807,4121,1585,1539,1337.7
9330260.06,CT,0260.06,2.5837,3968,1465,1405,1535.8
9330260.07,CT,0260.07,1.0561,4576,2043,1992,4332.9
9330260.08,CT,0260.08,3.4403,7356,2427,2368,2138.2
9330260.10,CT,0260.10,0.2962,3926,2030,1976,13254.6
9330260.11,CT,0260.11,10.8364,161,70,66,14.9
9330260.12,CT,0260.12,3.4009,5792,2614,2489,1703.1
9330270.00,CT,0270.00,4.4812,5,6,6,1.1
9330280.01,CT,0280.01,0.031,55,26,24,1774.2
9330280.02,CT,0280.02,4.2521,3645,1170,1144,857.2
9330281.01,CT,0281.01,2.2113,6077,2167,2068,2748.2
9330281.02,CT,0281.02,2.6147,6622,2573,2441,2532.6
9330282.01,CT,0282.01,1.4205,4722,1851,1769,3324.2
9330282.02,CT,0282.02,1.315,4493,1830,1770,3416.7
9330283.00,CT,0283.00,2.1985,7815,3569,3254,3554.7
9330284.01,CT,0284.01,2.1497,8835,4157,3946,4109.9
9330284.03,CT,0284.03,1.4463,4641,1840,1730,3208.9
9330284.04,CT,0284.04,0.6472,4346,2131,2031,6715.1
9330285.01,CT,0285.01,0.66,3444,1950,1869,5218.2
9330285.02,CT,0285.02,2.2025,5837,2015,1909,2650.2
9330286.01,CT,0286.01,4.1555,6002,2054,1961,1444.4
9330286.02,CT,0286.02,3.1138,7812,2715,2634,2508.8
9330286.03,CT,0286.03,2.7253,3919,1384,1327,1438
9330287.06,CT,0287.06,1.1798,4652,1789,1730,3943
9330287.09,CT,0287.09,0.6007,6779,3506,3370,11285.2
9330287.10,CT,0287.10,1.1999,2692,862,833,2243.5
9330287.11,CT,0287.11,1.8969,5131,1792,1754,2704.9
9330287.12,CT,0287.12,1.1102,3886,1424,1380,3500.3
9330287.13,CT,0287.13,2.2484,8352,3057,2919,3714.6
9330287.14,CT,0287.14,18.3776,4182,1442,1381,227.6
9330287.15,CT,0287.15,1.4008,3963,1697,1660,2829.1
9330287.16,CT,0287.16,0.7995,4329,2232,2175,5414.6
9330287.17,CT,0287.17,0.5976,1637,557,512,2739.3
9330287.18,CT,0287.18,1.3141,8364,3297,3167,6364.8
9330287.19,CT,0287.19,0.6411,2317,700,671,3614.1
9330287.20,CT,0287.20,0.6075,1890,589,554,3111.1
9330287.21,CT,0287.21,1.8795,7424,2501,2370,3950
9330287.22,CT,0287.22,2.4249,1938,851,655,799.2
9330287.23,CT,0287.23,50.2814,2874,975,959,57.2
9330290.04,CT,0290.04,5.0804,7020,2518,2472,1381.8
9330290.05,CT,0290.05,1.6014,3457,1209,1159,2158.7
9330290.06,CT,0290.06,0.8096,0,1,0,0
9330290.07,CT,0290.07,2.502,6338,2252,2161,2533.2
9330290.08,CT,0290.08,1.2741,6793,3233,3076,5331.6
9330290.09,CT,0290.09,3.2652,3129,1613,1572,958.3
9330291.01,CT,0291.01,2.2779,8211,3355,3241,3604.6
9330291.02,CT,0291.02,3.1231,8345,3021,2910,2672
9330292.01,CT,0292.01,2.1062,5430,1905,1844,2578.1
9330292.03,CT,0292.03,3.11,7043,2375,2312,2264.6
9330292.04,CT,0292.04,4.8237,5732,2190,2137,1188.3
9330400.04,CT,0400.04,12.4035,8999,2856,2783,725.5
9330400.05,CT,0400.05,5.0998,8245,2858,2799,1616.7
9330400.06,CT,0400.06,1.4623,4897,1613,1559,3348.8
9330400.08,CT,0400.08,0.3862,5,3,3,12.9
9330400.09,CT,0400.09,37.2284,6592,2257,2133,177.1
9330401.01,CT,0401.01,1.1135,2802,1222,1157,2516.4
9330401.03,CT,0401.03,1.2219,3498,1339,1271,2862.8
9330401.04,CT,0401.04,1.9234,5587,3112,2993,2904.8
9330402.02,CT,0402.02,2.955,5556,2190,2141,1880.2
9330402.03,CT,0402.03,1.2951,4976,2492,2420,3842.2
9330402.04,CT,0402.04,1.787,4213,1612,1558,2357.6
9330403.01,CT,0403.01,2.3493,5564,2056,1984,2368.4
9330403.04,CT,0403.04,4.995,4495,1669,1622,899.9
9330403.05,CT,0403.05,1.8745,4945,1730,1681,2638
9330403.06,CT,0403.06,0.4241,244,84,68,575.3
9330403.07,CT,0403.07,3.3777,5314,2024,1958,1573.3
9330404.01,CT,0404.01,35.5926,6820,2395,2316,191.6
9330404.02,CT,0404.02,153.1371,8487,2829,2728,55.4
9330410.02,CT,0410.02,22.5361,7473,3111,3030,331.6
9330410.04,CT,0410.04,59.8798,1391,622,598,23.2
9330410.05,CT,0410.05,1.6713,5166,2076,2032,3091
9330410.06,CT,0410.06,2.2539,5116,1819,1744,2269.8
9330500.01,CT,0500.01,0.2756,456,285,278,1654.6
9330500.02,CT,0500.02,72.1043,6331,2343,2212,87.8
9330501.01,CT,0501.01,19.7272,4495,1671,1584,227.9
9330501.02,CT,0501.02,19.0053,5973,2081,2011,314.3
9330501.03,CT,0501.03,23.2496,4113,1316,1246,176.9
9330502.01,CT,0502.01,1.4903,2406,912,872,1614.4
9330502.02,CT,0502.02,9.4552,3746,1603,1547,396.2
9330502.03,CT,0502.03,2.6153,5008,1735,1686,1914.9
9330502.05,CT,0502.05,33.474,3177,1163,1111,94.9
9330502.06,CT,0502.06,3.3852,3023,1005,970,893
9330502.07,CT,0502.07,3.1545,6381,2621,2557,2022.8
9330503.01,CT,0503.01,1.0923,2472,860,836,2263.1
9330503.03,CT,0503.03,3.5994,7297,2565,2469,2027.3
9330503.06,CT,0503.06,0.5869,5317,2671,2603,9059.5
9330503.07,CT,0503.07,0.8453,5125,2727,2579,6062.9
9330503.08,CT,0503.08,2.473,5729,3005,2738,2316.6
9330503.09,CT,0503.09,1.5826,3023,1443,1373,1910.1
9330504.03,CT,0504.03,13.6928,6418,2217,2135,468.7
9330504.07,CT,0504.07,0.8436,3183,1321,1307,3773.1
9330504.08,CT,0504.08,1.2326,4060,1544,1517,3293.9
9330504.09,CT,0504.09,3.5025,5809,1777,1710,1658.5
9330504.10,CT,0504.10,1.1348,4043,1604,1565,3562.7
9330504.12,CT,0504.12,3.9758,7396,2714,2552,1860.3
9330504.13,CT,0504.13,1.6693,4265,1651,1611,2555
9330504.14,CT,0504.14,0.3074,26,14,14,84.6
9330504.15,CT,0504.15,4.0341,1809,738,717,448.4
9330504.16,CT,0504.16,2.2836,3697,1474,1420,1618.9
9330504.17,CT,0504.17,1.5751,4215,1444,1419,2676
9330504.18,CT,0504.18,2.3682,7753,3395,3060,3273.8
9330504.19,CT,0504.19,3.5768,4918,1566,1507,1375
9330504.20,CT,0504.20,5.66,8561,3194,3034,1512.5
9330505.01,CT,0505.01,5.1981,3530,1377,1323,679.1
9330505.03,CT,0505.03,1.7796,96,42,42,53.9
9330505.04,CT,0505.04,59.5245,6228,2081,1990,104.6
9330506.01,CT,0506.01,3.0679,4255,1577,1510,1386.9
9330506.02,CT,0506.02,6.2186,7810,2887,2755,1255.9
